System Time,RDTSC,Elapsed Time (sec),CPU Frequency_0(MHz),Processor Power_0(Watt),Cumulative Processor Energy_0(Joules),Cumulative Processor Energy_0(mWh),IA Power_0(Watt),Cumulative IA Energy_0(Joules),Cumulative IA Energy_0(mWh),Package Temperature_0(C),Package Hot_0,Package Power Limit_0(Watt),GT Frequency(MHz)
02:39:46:885,90247466488,0.161345, 2500,   8.960,   0.886,   0.246,   3.433,   0.340,   0.094, 58,0,47,  550
02:39:46:985,90495885075,0.260942,  800,   1.421,   1.028,   0.285,   0.063,   0.346,   0.096, 57,0,47,  550
02:39:47:087,90749717913,0.362710,  800,   1.547,   1.185,   0.329,   0.100,   0.356,   0.099, 57,0,47,  550
02:39:47:184,90993345757,0.460387, 1600,   1.375,   1.319,   0.367,   0.094,   0.365,   0.101, 58,0,47,  550
02:39:47:285,91244001413,0.560882, 1600,   2.862,   1.607,   0.446,   0.523,   0.418,   0.116, 58,0,47,  550
02:39:47:385,91493397825,0.660871,  800,   7.072,   2.314,   0.643,   2.752,   0.693,   0.193, 59,0,47,  550
02:39:47:487,91748437511,0.763123, 3000,   5.225,   2.849,   0.791,   1.960,   0.893,   0.248, 58,0,47,  550
02:39:47:587,91997543835,0.862996, 2500,   6.466,   3.494,   0.971,   2.249,   1.118,   0.311, 59,0,47,  550
02:39:47:689,92252881663,0.965368,  800,   1.635,   3.662,   1.017,   0.197,   1.138,   0.316, 57,0,47,  550
02:39:47:789,92502269838,1.065354,  800,   1.113,   3.773,   1.048,   0.021,   1.140,   0.317, 57,0,47,  550
02:39:47:885,92741159779,1.161131, 2500,   4.173,   4.173,   1.159,   1.058,   1.242,   0.345, 58,0,47,  550
02:39:47:985,92990483254,1.261091, 2500,   5.312,   4.704,   1.307,   1.702,   1.412,   0.392, 59,0,47,  550
02:39:48:085,93239962752,1.361114, 2500,   5.846,   5.288,   1.469,   2.034,   1.615,   0.449, 58,0,47,  550
02:39:48:188,93496603733,1.464008, 2700,   9.044,   6.219,   1.728,   3.857,   2.012,   0.559, 59,0,47,  550
02:39:48:289,93749381438,1.565353,  800,   7.519,   6.981,   1.939,   2.819,   2.298,   0.638, 58,0,47,  550
02:39:48:389,93997451213,1.664811, 3000,   6.461,   7.624,   2.118,   2.520,   2.549,   0.708, 58,0,47,  550
02:39:48:485,94237538310,1.761068, 2900,  11.154,   8.697,   2.416,   5.045,   3.034,   0.843, 59,0,47,  550
02:39:48:585,94487830282,1.861417, 1600,   8.948,   9.595,   2.665,   3.898,   3.425,   0.952, 59,0,47,  550
02:39:48:685,94736367317,1.961062, 2900,   5.806,  10.174,   2.826,   2.143,   3.639,   1.011, 59,0,47,  550
02:39:48:785,94985779138,2.061057, 2900,  10.668,  11.240,   3.122,   4.381,   4.077,   1.133, 58,0,47,  550
02:39:48:889,95245943113,2.165364,  800,   3.812,  11.638,   3.233,   1.037,   4.185,   1.163, 58,0,47,  550
02:39:48:989,95495364213,2.265363,  800,   1.187,  11.757,   3.266,   0.002,   4.185,   1.163, 57,0,47,  550
02:39:49:089,95744775375,2.365359,  800,   1.668,  11.923,   3.312,   0.096,   4.195,   1.165, 56,0,47,  550
02:39:49:184,95981658301,2.460331, 2700,   7.683,  12.653,   3.515,   3.121,   4.491,   1.248, 59,0,47,  550
02:39:49:285,96234172735,2.561571, 2500,   6.070,  13.268,   3.685,   1.953,   4.689,   1.303, 57,0,47,  550
02:39:49:389,96493118175,2.665389,  800,   1.369,  13.410,   3.725,   0.033,   4.693,   1.303, 57,0,47,  550
02:39:49:485,96732435775,2.761337,  800,   1.109,  13.516,   3.754,   0.030,   4.695,   1.304, 56,0,47,  550
02:39:49:589,96991893588,2.865361,  800,   2.776,  13.805,   3.835,   0.371,   4.734,   1.315, 57,0,47,  550
02:39:49:687,97236371100,2.963378,  800,   1.315,  13.934,   3.871,   0.110,   4.745,   1.318, 58,0,47,  550
02:39:49:789,97489144850,3.064722, 1600,   1.277,  14.063,   3.906,   0.051,   4.750,   1.319, 56,0,47,  550
02:39:49:889,97740186350,3.165371,  800,   1.096,  14.174,   3.937,   0.037,   4.754,   1.320, 57,0,47,  550
02:39:49:989,97989550800,3.265347,  800,   1.187,  14.292,   3.970,   0.030,   4.757,   1.321, 57,0,47,  550
02:39:50:089,98238982013,3.365351,  800,   2.223,  14.515,   4.032,   0.497,   4.806,   1.335, 57,0,47,  550
02:39:50:184,98476567251,3.460605, 2500,   1.493,  14.657,   4.071,   0.131,   4.819,   1.339, 56,0,47,  550
02:39:50:285,98727140137,3.561066, 2500,   2.020,  14.860,   4.128,   0.435,   4.862,   1.351, 57,0,47,  550
02:39:50:385,98976671661,3.661110, 2500,   8.720,  15.732,   4.370,   3.642,   5.227,   1.452, 58,0,47,  550
02:39:50:485,99226182978,3.761145, 2500,   9.659,  16.698,   4.638,   3.704,   5.597,   1.555, 57,0,47,  550
02:39:50:585,99475581238,3.861136, 1600,   8.686,  17.567,   4.880,   3.212,   5.919,   1.644, 57,0,47,  550
02:39:50:689,99735546150,3.965362,  800,   2.662,  17.844,   4.957,   0.399,   5.960,   1.656, 57,0,47,  550
02:39:50:784,99972481200,4.060356, 1600,  10.815,  18.872,   5.242,   5.745,   6.506,   1.807, 58,0,47,  550
02:39:50:887,100227715225,4.162685,  800,   3.000,  19.179,   5.327,   0.790,   6.587,   1.830, 57,0,47,  550
02:39:50:985,100473135596,4.261081, 2500,   5.331,  19.703,   5.473,   1.697,   6.754,   1.876, 57,0,47,  550
02:39:51:085,100722623415,4.361107, 2500,   5.322,  20.236,   5.621,   1.696,   6.923,   1.923, 58,0,47,  550
02:39:51:185,100972293329,4.461206, 2500,   1.758,  20.412,   5.670,   0.266,   6.950,   1.931, 57,0,47,  550
02:39:51:287,101226424057,4.563094, 2500,   2.170,  20.633,   5.731,   0.428,   6.994,   1.943, 57,0,47,  550
02:39:51:385,101470846051,4.661089, 2500,   5.508,  21.172,   5.881,   1.845,   7.174,   1.993, 57,0,47,  550
02:39:51:485,101720392942,4.761139, 2500,   5.617,  21.734,   6.037,   1.972,   7.372,   2.048, 57,0,47,  550
02:39:51:586,101971605261,4.861857, 2500,   7.789,  22.519,   6.255,   3.125,   7.686,   2.135, 58,0,47,  550
02:39:51:684,102217430963,4.960414, 1600,   9.411,  23.446,   6.513,   5.292,   8.208,   2.280, 58,0,47,  550
02:39:51:785,102467794375,5.060791,  800,   4.641,  23.912,   6.642,   1.214,   8.330,   2.314, 58,0,47,  550
02:39:51:888,102724716100,5.163798,  800,   1.120,  24.028,   6.674,   0.034,   8.333,   2.315, 57,0,47,  550
02:39:51:986,102971072648,5.262569, 2500,   2.440,  24.269,   6.741,   0.596,   8.392,   2.331, 57,0,47,  550
02:39:52:085,103216810560,5.361092, 2500,   4.139,  24.676,   6.855,   0.993,   8.490,   2.358, 56,0,47,  550
02:39:52:185,103466268999,5.461106, 2500,   5.807,  25.257,   7.016,   1.899,   8.680,   2.411, 58,0,47,  550
02:39:52:289,103726295963,5.565357,  800,   4.225,  25.698,   7.138,   1.270,   8.812,   2.448, 57,0,47,  550
02:39:52:389,103975762700,5.665375,  800,   5.161,  26.214,   7.282,   2.106,   9.023,   2.506, 57,0,47,  550
02:39:52:485,104214899391,5.761251, 2500,   2.867,  26.489,   7.358,   0.600,   9.081,   2.522, 57,0,47,  550
02:39:52:586,104465755875,5.861826,  800,   2.637,  26.754,   7.432,   0.334,   9.114,   2.532, 56,0,47,  550
02:39:52:689,104724078688,5.965394,  800,   3.083,  27.073,   7.520,   0.889,   9.206,   2.557, 56,0,47,  550
02:39:52:789,104972672543,6.065062, 2500,   4.843,  27.556,   7.654,   1.554,   9.361,   2.600, 57,0,47,  550
02:39:52:885,105212185643,6.161089, 2500,   5.077,  28.044,   7.790,   1.382,   9.494,   2.637, 56,0,47,  550
02:39:52:989,105472434188,6.265430,  800,   3.234,  28.381,   7.884,   0.712,   9.568,   2.658, 56,0,47,  550
02:39:53:085,105711094135,6.361115, 2500,   1.626,  28.537,   7.927,   0.144,   9.582,   2.662, 56,0,47,  550
02:39:53:185,105960717504,6.461195, 2500,   6.552,  29.192,   8.109,   2.642,   9.846,   2.735, 57,0,47,  550
02:39:53:285,106209903713,6.561100, 2500,   5.017,  29.694,   8.248,   1.515,   9.998,   2.777, 57,0,47,  550
02:39:53:385,106459266695,6.661076, 2500,   7.464,  30.440,   8.455,   2.616,  10.259,   2.850, 58,0,47,  550
02:39:53:487,106714453217,6.763387, 2500,   8.416,  31.301,   8.695,   3.187,  10.585,   2.940, 58,0,47,  550
02:39:53:589,106968808963,6.865365,  800,   7.888,  32.105,   8.918,   2.677,  10.858,   3.016, 58,0,47,  550
02:39:53:686,107210142129,6.962122, 2500,   1.807,  32.280,   8.967,   0.271,  10.884,   3.023, 57,0,47,  550
02:39:53:789,107467660350,7.065368,  800,   4.747,  32.770,   9.103,   1.533,  11.043,   3.067, 57,0,47,  550
02:39:53:884,107704939703,7.160499, 2500,   2.839,  33.040,   9.178,   0.615,  11.101,   3.084, 56,0,47,  550
02:39:53:989,107966576000,7.265396,  800,   3.201,  33.376,   9.271,   0.663,  11.171,   3.103, 56,0,47,  550
02:39:54:086,108207199682,7.361868, 2800,   3.704,  33.733,   9.370,   2.035,  11.367,   3.158, 58,0,47,  550
02:39:54:187,108460831513,7.463556,  800,  13.004,  35.056,   9.738,   6.120,  11.990,   3.330, 56,0,47,  600
02:39:54:288,108712446375,7.564435,  800,   5.204,  35.581,   9.884,   0.461,  12.036,   3.343, 57,0,47,  550
02:39:54:385,108953690099,7.661156, 2500,  10.400,  36.587,  10.163,   3.454,  12.370,   3.436, 57,0,47,  550
02:39:54:485,109203068267,7.761138, 2500,   9.870,  37.573,  10.437,   3.885,  12.759,   3.544, 58,0,47,  550
02:39:54:587,109457188984,7.863021, 2700,  23.230,  39.940,  11.094,  14.122,  14.197,   3.944, 62,0,47,  550
02:39:54:689,109712540825,7.965398,  800,  16.457,  41.625,  11.563,   9.581,  15.178,   4.216, 59,0,47,  550
02:39:54:788,109959993575,8.064609,  800,   8.269,  42.445,  11.790,   3.785,  15.554,   4.320, 58,0,47,  550
02:39:54:889,110211312875,8.165369,  800,   1.679,  42.615,  11.837,   0.090,  15.563,   4.323, 57,0,47,  550
02:39:54:984,110448141073,8.260320, 2500,   1.970,  42.802,  11.889,   0.220,  15.584,   4.329, 57,0,47,  550
02:39:55:085,110699494813,8.361094, 2500,  10.251,  43.835,  12.176,   4.449,  16.032,   4.453, 58,0,47,  550
02:39:55:185,110948962393,8.461112, 2500,   9.275,  44.762,  12.434,   3.405,  16.372,   4.548, 58,0,47,  550
02:39:55:289,111208419495,8.565135, 2500,   9.415,  45.742,  12.706,   4.277,  16.817,   4.671, 57,0,47,  550
02:39:55:385,111448024826,8.661199, 2600,  12.639,  46.956,  13.043,   6.546,  17.446,   4.846, 60,0,47,  550
02:39:55:485,111697153083,8.761081, 2500,   9.002,  47.855,  13.293,   3.362,  17.782,   4.939, 58,0,47,  550
02:39:55:587,111951580331,8.863088, 2500,   8.341,  48.706,  13.529,   3.283,  18.117,   5.032, 57,0,47,  550
02:39:55:685,112196394292,8.961240, 2500,   2.935,  48.994,  13.609,   0.701,  18.186,   5.052, 56,0,47,  550
02:39:55:789,112456106675,9.065365,  800,   1.651,  49.166,  13.657,   0.280,  18.215,   5.060, 56,0,47,  550
02:39:55:889,112705509550,9.165357,  800,   1.923,  49.358,  13.711,   0.441,  18.259,   5.072, 55,0,47,  550
02:39:55:985,112944504419,9.261177, 2500,   5.259,  49.862,  13.851,   1.377,  18.391,   5.109, 57,0,47,  550
02:39:56:084,113191681598,9.360276, 2700,  12.078,  51.059,  14.183,   4.111,  18.798,   5.222, 58,0,47,  600
02:39:56:185,113443404131,9.461198, 2500,  13.244,  52.395,  14.554,   4.158,  19.218,   5.338, 58,0,47,  700
02:39:56:289,113703211275,9.565362,  800,   2.237,  52.628,  14.619,   0.163,  19.235,   5.343, 56,0,47,  700
02:39:56:386,113944749363,9.662201, 1600,   0.898,  52.715,  14.643,   0.002,  19.235,   5.343, 55,0,47,  700
02:39:56:484,114189706551,9.760411, 3000,   8.832,  53.583,  14.884,   2.375,  19.468,   5.408, 58,0,47,  650
02:39:56:585,114440059291,9.860783, 2500,  13.162,  54.904,  15.251,   3.690,  19.839,   5.511, 57,0,47,  750
02:39:56:685,114690200632,9.961072, 1600,   3.777,  55.283,  15.356,   0.702,  19.909,   5.530, 58,0,47,  750
02:39:56:789,114950178638,10.065304, 1600,   4.740,  55.777,  15.494,   1.148,  20.029,   5.564, 58,0,47,  750
02:39:56:885,115189453500,10.161235, 1600,   4.594,  56.217,  15.616,   1.103,  20.135,   5.593, 58,0,47,  750
02:39:56:989,115449155288,10.265356,  800,   3.116,  56.542,  15.706,   0.577,  20.195,   5.610, 56,0,47,  750
02:39:57:084,115685903214,10.360275, 3000,  10.240,  57.514,  15.976,   4.938,  20.664,   5.740, 59,0,47,  700
02:39:57:189,115947463129,10.465141, 3300,  26.105,  60.251,  16.736,  18.998,  22.656,   6.293, 66,0,47,  700
02:39:57:284,116185621539,10.560625, 3000,  25.061,  62.644,  17.401,  16.422,  24.224,   6.729, 63,0,47,  550
02:39:57:385,116435710489,10.660892, 2700,  17.931,  64.442,  17.901,  10.459,  25.272,   7.020, 63,0,47,  550
02:39:57:485,116685612107,10.761084, 3000,  15.643,  66.009,  18.336,   7.953,  26.069,   7.241, 65,0,47,  550
02:39:57:586,116938904362,10.862635, 3300,  22.638,  68.308,  18.974,  14.790,  27.571,   7.659, 63,0,47,  550
02:39:57:687,117190232566,10.963399, 3300,  16.097,  69.930,  19.425,   9.215,  28.500,   7.917, 66,0,47,  550
02:39:57:784,117431958356,11.060313, 2700,  14.757,  71.360,  19.822,   7.702,  29.246,   8.124, 60,0,47,  550
02:39:57:888,117690983412,11.164163, 2700,  14.132,  72.828,  20.230,   7.554,  30.031,   8.342, 59,0,47,  550
02:39:57:989,117943299663,11.265323, 3400,  13.458,  74.189,  20.608,   6.667,  30.705,   8.529, 61,0,47,  550
02:39:58:087,118186104033,11.362670, 3000,  14.888,  75.639,  21.011,   7.655,  31.450,   8.736, 60,0,47,  550
02:39:58:189,118442089520,11.465301, 3000,  13.878,  77.063,  21.406,   6.995,  32.168,   8.936, 60,0,47,  550
02:39:58:284,118679489729,11.560481, 3200,  15.286,  78.518,  21.810,   8.381,  32.966,   9.157, 61,0,47,  550
02:39:58:389,118940974661,11.665317, 3400,  14.814,  80.071,  22.242,   7.743,  33.778,   9.383, 63,0,47,  550
02:39:58:485,119180364717,11.761295, 3000,  14.690,  81.481,  22.634,   7.767,  34.523,   9.590, 63,0,47,  550
02:39:58:588,119435849742,11.863726, 3000,  17.350,  83.258,  23.127,   9.733,  35.520,   9.867, 62,0,47,  550
02:39:58:685,119679706016,11.961494, 3200,  19.095,  85.125,  23.646,  11.480,  36.643,  10.178, 63,0,47,  550
02:39:58:785,119927247667,12.060740, 2700,  19.169,  87.027,  24.174,  10.382,  37.673,  10.465, 61,0,47,  550
02:39:58:888,120186286495,12.164595, 3300,  20.034,  89.108,  24.752,  11.118,  38.828,  10.785, 61,0,47,  550
02:39:58:985,120426769289,12.261011, 2500,  17.414,  90.787,  25.219,   9.716,  39.764,  11.046, 61,0,47,  550
02:39:59:088,120683974785,12.364131, 3300,  22.721,  93.130,  25.869,  15.425,  41.355,  11.487, 66,0,47,  550
02:39:59:187,120931177147,12.463241, 3300,  19.192,  95.032,  26.398,   9.540,  42.301,  11.750, 63,0,47,  600
02:39:59:286,121177700180,12.562079, 3300,  14.414,  96.457,  26.794,   7.524,  43.044,  11.957, 63,0,47,  550
02:39:59:385,121425112544,12.661273, 3200,  15.406,  97.985,  27.218,   8.464,  43.884,  12.190, 61,0,47,  550
02:39:59:485,121674540223,12.761275, 3000,  18.039,  99.789,  27.719,   8.896,  44.773,  12.437, 61,0,47,  550
02:39:59:585,121923401739,12.861050, 2500,  17.761, 101.561,  28.211,  10.168,  45.788,  12.719, 62,0,47,  550
02:39:59:686,122174453075,12.961703, 3000,  20.398, 103.614,  28.782,  11.064,  46.901,  13.028, 63,0,47,  600
02:39:59:789,122432429088,13.065132, 3300,  16.756, 105.347,  29.263,   9.146,  47.847,  13.291, 62,0,47,  550
02:39:59:885,122672554843,13.161405, 3100,  17.003, 106.984,  29.718,   9.983,  48.809,  13.558, 62,0,47,  550
02:39:59:987,122926612571,13.263263, 2500,  20.376, 109.059,  30.294,  10.973,  49.926,  13.868, 62,0,47,  600
02:40:00:086,123173690624,13.362323, 3100,  20.014, 111.042,  30.845,   9.074,  50.825,  14.118, 61,0,47,  700
02:40:00:184,123418877775,13.460625, 2500,  15.493, 112.565,  31.268,   7.241,  51.537,  14.316, 61,0,47,  600
02:40:00:289,123679975813,13.565306, 3000,  19.439, 114.600,  31.833,  11.264,  52.716,  14.643, 63,0,47,  600
02:40:00:385,123919205219,13.661219, 3000,  16.962, 116.227,  32.285,   8.062,  53.489,  14.858, 63,0,47,  600
02:40:00:485,124168464985,13.761154, 3000,  20.769, 118.302,  32.862,  11.270,  54.616,  15.171, 64,0,47,  650
02:40:00:588,124425631897,13.864259, 3000,  19.471, 120.310,  33.419,  11.199,  55.770,  15.492, 64,0,47,  550
02:40:00:684,124665598007,13.960467, 2900,  17.963, 122.038,  33.899,  10.002,  56.733,  15.759, 67,0,47,  550
02:40:00:789,124927120771,14.065319, 3400,  19.725, 124.106,  34.474,  11.300,  57.917,  16.088, 68,0,47,  550
02:40:00:887,125171713350,14.163382, 3200,  20.300, 126.097,  35.027,  11.210,  59.017,  16.394, 62,0,47,  550
02:40:00:985,125415728493,14.261214, 3400,  19.790, 128.033,  35.565,  11.623,  60.154,  16.709, 69,0,47,  550
02:40:01:087,125669640191,14.363014, 2500,  15.331, 129.594,  35.998,   8.099,  60.978,  16.938, 62,0,47,  550
02:40:01:185,125914317375,14.461111, 2500,   2.143, 129.804,  36.057,   0.434,  61.021,  16.950, 60,0,47,  550
02:40:01:286,126166603913,14.562260, 1600,  13.920, 131.212,  36.448,   8.549,  61.886,  17.190, 59,0,47,  550
02:40:01:385,126413224925,14.661136,  800,   3.233, 131.532,  36.537,   1.023,  61.987,  17.219, 58,0,47,  550
02:40:01:487,126667897419,14.763241, 1600,   1.034, 131.637,  36.566,   0.025,  61.989,  17.219, 57,0,47,  550
02:40:01:584,126910355532,14.860449, 1600,   4.302, 132.055,  36.682,   1.354,  62.121,  17.256, 57,0,47,  550
02:40:01:689,127171189294,14.965024, 1600,   2.179, 132.283,  36.745,   0.379,  62.160,  17.267, 58,0,47,  550
02:40:01:788,127418422188,15.064146, 1600,  13.850, 133.656,  37.127,   8.278,  62.981,  17.495, 59,0,47,  550
02:40:01:888,127667699438,15.164088,  800,   2.563, 133.912,  37.198,   0.685,  63.049,  17.514, 57,0,47,  550
02:40:01:986,127911729882,15.261926, 1600,   1.426, 134.052,  37.237,   0.165,  63.066,  17.518, 57,0,47,  550
02:40:02:084,128157662475,15.360527,  800,   1.219, 134.172,  37.270,   0.057,  63.071,  17.520, 57,0,47,  550
02:40:02:188,128416457825,15.464284,  800,   1.169, 134.293,  37.304,   0.068,  63.078,  17.522, 57,0,47,  550
02:40:02:289,128668565950,15.565361,  800,   1.136, 134.408,  37.336,   0.093,  63.088,  17.524, 57,0,47,  550
02:40:02:388,128914498507,15.663962, 1600,   1.616, 134.567,  37.380,   0.221,  63.109,  17.530, 58,0,47,  550
02:40:02:489,129166564775,15.765022, 1600,   1.082, 134.677,  37.410,   0.045,  63.114,  17.532, 57,0,47,  550
02:40:02:588,129414741488,15.864522,  800,   2.295, 134.905,  37.474,   0.253,  63.139,  17.539, 56,0,47,  550
02:40:02:687,129660483100,15.963046,  800,   1.567, 135.059,  37.516,   0.120,  63.151,  17.542, 57,0,47,  550
02:40:02:784,129903461300,16.060463,  800,   1.089, 135.165,  37.546,   0.033,  63.154,  17.543, 57,0,47,  550
02:40:02:886,130157098307,16.162153, 1600,   1.404, 135.308,  37.586,   0.127,  63.167,  17.546, 57,0,47,  550
02:40:02:985,130402834113,16.260674,  800,   2.202, 135.525,  37.646,   0.490,  63.215,  17.560, 56,0,47,  550
02:40:03:089,130664024500,16.365392,  800,   2.375, 135.774,  37.715,   0.746,  63.293,  17.582, 58,0,47,  550
02:40:03:189,130913355825,16.465356,  800,   1.743, 135.948,  37.763,   0.299,  63.323,  17.590, 57,0,47,  550
02:40:03:285,131152486291,16.561229, 2900,  16.708, 137.550,  38.208,   7.131,  64.007,  17.780, 59,0,47,  600
02:40:03:385,131400588044,16.660700, 2500,  12.824, 138.826,  38.563,   3.662,  64.371,  17.881, 58,0,47,  650
02:40:03:485,131650677665,16.760966, 2500,  14.324, 140.262,  38.962,   3.789,  64.751,  17.986, 59,0,47,  750
02:40:03:585,131901366925,16.861475, 2700,  23.321, 142.606,  39.613,   9.069,  65.663,  18.240, 61,0,47,  900
02:40:03:684,132147978532,16.960348, 1600,  13.773, 143.968,  39.991,   7.125,  66.367,  18.435, 58,0,47,  900
02:40:03:785,132398301175,17.060709, 1600,   2.682, 144.237,  40.066,   0.555,  66.423,  18.451, 58,0,47,  900
02:40:03:885,132648052864,17.160841, 2900,   8.325, 145.070,  40.297,   3.345,  66.758,  18.544, 58,0,47,  850
02:40:03:985,132899166385,17.261519, 2500,  16.304, 146.712,  40.753,   4.754,  67.236,  18.677, 60,0,47,  850
02:40:04:085,133146746186,17.360780, 2500,   9.395, 147.644,  41.012,   2.707,  67.505,  18.751, 59,0,47,  750
02:40:04:185,133397145999,17.461172, 2500,   8.712, 148.519,  41.255,   1.714,  67.677,  18.799, 58,0,47,  800
02:40:04:285,133646372683,17.561093, 2700,  19.247, 150.442,  41.789,   5.716,  68.248,  18.958, 62,0,47,  850
02:40:04:389,133904972300,17.664772, 1600,  13.266, 151.817,  42.171,   3.088,  68.569,  19.047, 59,0,47,  900
02:40:04:484,134143394110,17.760362, 2800,  16.409, 153.386,  42.607,   7.713,  69.306,  19.252, 60,0,47,  800
02:40:04:588,134402424491,17.864214, 2500,  21.492, 155.618,  43.227,   6.920,  70.025,  19.451, 63,0,47,  950
02:40:04:684,134642281300,17.960379, 2500,  18.849, 157.431,  43.731,   3.759,  70.386,  19.552, 63,0,47, 1050
02:40:04:785,134893797757,18.061218, 2800,  24.915, 159.943,  44.429,   7.825,  71.175,  19.771, 65,0,47, 1150
02:40:04:885,135142689065,18.161005, 3400,  21.807, 162.119,  45.033,  11.122,  72.285,  20.079, 67,0,47, 1150
02:40:04:985,135392444425,18.261139, 1600,  14.149, 163.536,  45.427,   7.258,  73.012,  20.281, 60,0,47, 1000
02:40:05:084,135639740182,18.360286, 3200,   8.073, 164.336,  45.649,   4.081,  73.416,  20.393, 59,0,47,  950
02:40:05:187,135895398267,18.462786, 2900,  12.596, 165.627,  46.008,   4.079,  73.834,  20.510, 61,0,47,  950
02:40:05:285,136140983063,18.561247,  800,  17.743, 167.374,  46.493,   3.107,  74.140,  20.595, 62,0,47, 1050
02:40:05:387,136393956094,18.662670, 1600,   3.585, 167.738,  46.594,   0.120,  74.152,  20.598, 58,0,47, 1000
02:40:05:485,136640078400,18.761347,  800,   4.001, 168.133,  46.704,   0.786,  74.230,  20.619, 57,0,47,  950
02:40:05:589,136899590713,18.865393,  800,   3.019, 168.447,  46.791,   0.343,  74.266,  20.629, 58,0,47,  850
02:40:05:684,137136358431,18.960319, 3300,   4.233, 168.849,  46.902,   1.422,  74.401,  20.667, 58,0,47,  800
02:40:05:788,137395909559,19.064380, 3300,  17.121, 170.630,  47.397,   9.987,  75.440,  20.956, 62,0,47,  800
02:40:05:884,137635435832,19.160411, 2800,  17.831, 172.343,  47.873,   9.225,  76.326,  21.202, 60,0,47,  750
02:40:05:989,137895723957,19.264768, 1600,  12.291, 173.625,  48.229,   3.623,  76.704,  21.307, 58,0,47,  750
02:40:06:085,138135706525,19.360984,  800,   2.029, 173.820,  48.283,   0.214,  76.724,  21.312, 58,0,47,  700
02:40:06:184,138383698180,19.460410, 2900,   8.850, 174.700,  48.528,   3.020,  77.025,  21.396, 59,0,47,  650
02:40:06:286,138637637395,19.562221, 3000,  18.241, 176.558,  49.044,   7.175,  77.755,  21.599, 62,0,47,  700
02:40:06:384,138882471666,19.660381, 2500,  20.032, 178.524,  49.590,  12.067,  78.940,  21.928, 60,0,47,  650
02:40:06:484,139132246716,19.760523, 3000,   4.202, 178.945,  49.707,   1.092,  79.049,  21.958, 59,0,47,  550
02:40:06:587,139387262347,19.862765, 2900,  10.769, 180.046,  50.013,   4.376,  79.496,  22.082, 59,0,47,  550
02:40:06:686,139635071488,19.962118, 3000,  19.246, 181.958,  50.544,   8.974,  80.388,  22.330, 60,0,47,  600
02:40:06:786,139884416469,20.062087, 2500,  10.018, 182.959,  50.822,   4.134,  80.801,  22.445, 59,0,47,  550
02:40:06:885,140132510007,20.161554, 2500,   4.554, 183.412,  50.948,   1.422,  80.943,  22.484, 58,0,47,  550
02:40:06:986,140383553692,20.262204, 2500,   2.077, 183.621,  51.006,   0.251,  80.968,  22.491, 58,0,47,  550
02:40:07:086,140634023111,20.362624, 2700,  16.326, 185.261,  51.461,   7.319,  81.703,  22.695, 60,0,47,  600
02:40:07:187,140884333713,20.462980, 1600,   8.161, 186.080,  51.689,   2.899,  81.994,  22.776, 58,0,47,  650
02:40:07:284,141127473494,20.560461, 2900,   4.405, 186.509,  51.808,   1.512,  82.141,  22.817, 58,0,47,  550
02:40:07:388,141385288188,20.663825,  800,   6.374, 187.168,  51.991,   2.322,  82.381,  22.884, 57,0,47,  550
02:40:07:485,141627602125,20.760975, 1600,   2.005, 187.363,  52.045,   0.162,  82.397,  22.888, 57,0,47,  550
02:40:07:589,141887892788,20.865332,  800,   3.065, 187.683,  52.134,   0.508,  82.450,  22.903, 57,0,47,  550
02:40:07:685,142126076314,20.960826, 3100,  15.586, 189.171,  52.548,   7.088,  83.127,  23.091, 60,0,47,  600
02:40:07:786,142379358816,21.062374, 2500,  12.431, 190.433,  52.898,   5.177,  83.653,  23.237, 58,0,47,  550
02:40:07:888,142632037363,21.163679, 1600,   2.622, 190.699,  52.972,   0.593,  83.713,  23.254, 58,0,47,  550
02:40:07:989,142885640050,21.265355,  800,   1.243, 190.825,  53.007,   0.055,  83.718,  23.255, 57,0,47,  550
02:40:08:085,143125050763,21.361341,  800,   1.793, 190.997,  53.055,   0.195,  83.737,  23.260, 57,0,47,  550
02:40:08:187,143378767849,21.463063, 2500,   4.077, 191.412,  53.170,   1.514,  83.891,  23.303, 58,0,47,  550
02:40:08:284,143621209089,21.560264, 2500,   7.858, 192.176,  53.382,   2.950,  84.178,  23.383, 59,0,47,  550
02:40:08:385,143871984517,21.660807, 2500,   5.014, 192.680,  53.522,   1.744,  84.353,  23.431, 58,0,47,  550
02:40:08:484,144120105507,21.760284, 2500,  11.124, 193.787,  53.830,   5.313,  84.882,  23.578, 59,0,47,  550
02:40:08:585,144371787216,21.861190, 2500,  12.081, 195.006,  54.168,   5.307,  85.417,  23.727, 58,0,47,  550
02:40:08:687,144626592810,21.963349, 2500,   4.640, 195.480,  54.300,   1.333,  85.553,  23.765, 58,0,47,  550
02:40:08:785,144870620065,22.061185, 2500,   3.826, 195.854,  54.404,   1.105,  85.662,  23.795, 57,0,47,  550
02:40:08:885,145119903773,22.161130, 2500,   3.943, 196.248,  54.513,   0.937,  85.755,  23.821, 57,0,47,  550
02:40:08:986,145370875300,22.261751,  800,   2.960, 196.546,  54.596,   0.466,  85.802,  23.834, 58,0,47,  550
02:40:09:087,145623768297,22.363142, 2700,   1.345, 196.682,  54.634,   0.112,  85.813,  23.837, 56,0,47,  550
02:40:09:188,145876375809,22.464419, 2500,   4.517, 197.140,  54.761,   1.441,  85.959,  23.878, 57,0,47,  550
02:40:09:284,146115732425,22.560383, 3000,  12.967, 198.384,  55.107,   7.137,  86.644,  24.068, 61,0,47,  550
02:40:09:387,146372608748,22.663372, 2500,   9.818, 199.395,  55.388,   3.646,  87.020,  24.172, 58,0,47,  550
02:40:09:485,146616393620,22.761111, 3300,  13.680, 200.732,  55.759,   7.444,  87.747,  24.374, 59,0,47,  550
02:40:09:586,146869381457,22.862541, 2500,   6.215, 201.363,  55.934,   2.013,  87.952,  24.431, 58,0,47,  550
02:40:09:686,147117179182,22.961889, 1600,   3.612, 201.721,  56.034,   1.170,  88.068,  24.463, 57,0,47,  550
02:40:09:787,147369733191,23.063145, 2500,   1.904, 201.914,  56.087,   0.247,  88.093,  24.470, 57,0,47,  550
02:40:09:884,147612655900,23.160539, 1600,   4.857, 202.387,  56.219,   1.396,  88.229,  24.508, 56,0,47,  550
02:40:09:987,147867833113,23.262846,  800,   1.287, 202.519,  56.255,   0.059,  88.235,  24.510, 56,0,47,  550
02:40:10:085,148113618300,23.361388,  800,   3.289, 202.843,  56.345,   0.986,  88.332,  24.537, 56,0,47,  550
02:40:10:186,148365245063,23.462271, 1600,   2.400, 203.085,  56.413,   0.610,  88.394,  24.554, 56,0,47,  550
02:40:10:286,148614056538,23.562026,  800,   1.621, 203.247,  56.457,   0.157,  88.409,  24.558, 56,0,47,  550
02:40:10:488,149119233300,23.764565, 2700,   4.092, 204.076,  56.688,   1.591,  88.731,  24.648, 58,0,47,  550
02:40:10:481,149101981947,23.757648, 3100,   0.000, 204.076,  56.688,   0.000,  88.731,  24.648, 57,0,47,  550

Total Elapsed Time (sec) = 23.757648
Measured RDTSC Frequency (GHz) = 2.494226

Cumulative Processor Energy_0 (Joules) = 204.075562
Cumulative Processor Energy_0 (mWh) = 56.687656
Average Processor Power_0 (Watt) = 8.589889

Cumulative IA Energy_0 (Joules) = 88.731445
Cumulative IA Energy_0 (mWh) = 24.647624
Average IA Power_0 (Watt) = 3.734858
